origin,destination,mode_of_transport,departure_time,arrival_time
{},{},metro,1900-01-01 06:09:00,1900-01-01 06:27:00.000000
{},{},walk,1900-01-01 08:04:00,1900-01-01 09:03:00.000000
{},{},walk,1900-01-01 10:15:00,1900-01-01 10:32:00.000000
{},{},bus,1900-01-01 08:11:00,1900-01-01 16:06:20.689108
{},{},walk,1900-01-01 10:34:00,1900-01-01 11:10:00.000000
{},{},metro,1900-01-01 06:43:00,1900-01-01 07:27:00.000000
{},{},car,1900-01-01 08:00:00,1900-01-01 08:52:05.965806
{},{},walk,1900-01-01 08:56:00,1900-01-01 09:35:00.000000
{},{},walk,1900-01-01 09:29:00,1900-01-01 09:43:00.000000
{},{},metro,1900-01-01 06:01:00,1900-01-01 06:46:00.000000
{},{},walk,1900-01-01 08:02:00,1900-01-01 08:33:00.000000
{},{},bus,1900-01-01 07:32:00,1900-01-01 10:25:40.971922
{},{},bus,1900-01-01 07:43:00,1900-01-01 11:13:27.127199
{},{},car,1900-01-01 08:00:00,1900-01-01 10:43:17.398040
{},{},bus,1900-01-01 08:48:00,1900-01-01 10:38:28.288616
{},{},car,1900-01-01 08:00:00,1900-01-01 09:05:33.702173
{},{},car,1900-01-01 08:00:00,1900-01-01 09:23:27.064107
{},{},bus,1900-01-01 07:16:00,1900-01-01 11:35:25.574567
{},{},bus,1900-01-01 07:55:00,1900-01-01 13:45:59.944893
{},{},bus,1900-01-01 08:08:00,1900-01-01 12:51:35.525151
{},{},bus,1900-01-01 08:03:00,1900-01-01 10:39:31.967726
{},{},metro,1900-01-01 06:22:00,1900-01-01 07:07:00.000000
{},{},bus,1900-01-01 07:36:00,1900-01-01 16:09:24.522600
{},{},bus,1900-01-01 08:13:00,1900-01-01 15:27:44.835706
{},{},walk,1900-01-01 08:42:00,1900-01-01 09:24:00.000000
{},{},walk,1900-01-01 08:59:00,1900-01-01 09:24:00.000000
{},{},bus,1900-01-01 08:12:00,1900-01-01 12:08:22.774442
{},{},metro,1900-01-01 06:07:00,1900-01-01 06:31:00.000000
{},{},bus,1900-01-01 07:21:00,1900-01-01 12:23:32.235876
{},{},walk,1900-01-01 08:11:00,1900-01-01 08:25:00.000000
{},{},walk,1900-01-01 08:41:00,1900-01-01 09:08:00.000000
{},{},metro,1900-01-01 06:12:00,1900-01-01 06:36:00.000000
{},{},bus,1900-01-01 08:25:00,1900-01-01 13:20:54.159221
{},{},metro,1900-01-01 06:41:00,1900-01-01 07:13:00.000000
{},{},walk,1900-01-01 09:03:00,1900-01-01 09:29:00.000000
{},{},walk,1900-01-01 08:28:00,1900-01-01 09:00:00.000000
{},{},bus,1900-01-01 07:45:00,1900-01-01 08:29:20.018611
{},{},car,1900-01-01 08:00:00,1900-01-01 11:44:26.808043
{},{},car,1900-01-01 08:00:00,1900-01-01 10:50:34.732849
{},{},metro,1900-01-01 06:02:00,1900-01-01 06:58:00.000000
{},{},bus,1900-01-01 07:16:00,1900-01-01 11:49:55.900150
{},{},car,1900-01-01 08:00:00,1900-01-01 09:16:25.680871
{},{},car,1900-01-01 08:00:00,1900-01-01 12:08:11.622633
{},{},metro,1900-01-01 06:26:00,1900-01-01 06:54:00.000000
{},{},walk,1900-01-01 10:29:00,1900-01-01 10:50:00.000000
{},{},walk,1900-01-01 09:22:00,1900-01-01 09:35:00.000000
{},{},walk,1900-01-01 08:38:00,1900-01-01 09:25:00.000000
{},{},metro,1900-01-01 06:03:00,1900-01-01 06:22:00.000000
{},{},metro,1900-01-01 06:11:00,1900-01-01 07:09:00.000000
{},{},metro,1900-01-01 06:51:00,1900-01-01 07:31:00.000000
{},{},bus,1900-01-01 07:31:00,1900-01-01 09:37:34.646093
{},{},walk,1900-01-01 09:47:00,1900-01-01 10:25:00.000000
{},{},walk,1900-01-01 08:04:00,1900-01-01 08:31:00.000000
{},{},car,1900-01-01 08:00:00,1900-01-01 09:26:48.872734
{},{},bus,1900-01-01 07:21:00,1900-01-01 11:34:36.942211
{},{},metro,1900-01-01 06:42:00,1900-01-01 07:11:00.000000
{},{},metro,1900-01-01 06:04:00,1900-01-01 06:29:00.000000
{},{},metro,1900-01-01 06:18:00,1900-01-01 06:54:00.000000
{},{},car,1900-01-01 08:00:00,1900-01-01 08:49:17.804162
{},{},car,1900-01-01 08:00:00,1900-01-01 09:29:33.260686
{},{},metro,1900-01-01 06:27:00,1900-01-01 07:02:00.000000
{},{},car,1900-01-01 08:00:00,1900-01-01 10:03:44.552652
{},{},bus,1900-01-01 08:13:00,1900-01-01 10:46:08.906231
{},{},metro,1900-01-01 06:10:00,1900-01-01 06:40:00.000000
{},{},walk,1900-01-01 08:31:00,1900-01-01 09:31:00.000000
{},{},walk,1900-01-01 08:55:00,1900-01-01 09:49:00.000000
{},{},car,1900-01-01 08:00:00,1900-01-01 10:09:43.739966
{},{},bus,1900-01-01 07:50:00,1900-01-01 13:20:42.435274
{},{},walk,1900-01-01 08:13:00,1900-01-01 08:36:00.000000
{},{},bus,1900-01-01 08:01:00,1900-01-01 12:13:18.265131
{},{},car,1900-01-01 08:00:00,1900-01-01 09:43:40.385286
{},{},walk,1900-01-01 09:47:00,1900-01-01 10:25:00.000000
{},{},metro,1900-01-01 07:00:00,1900-01-01 07:22:00.000000
{},{},metro,1900-01-01 06:42:00,1900-01-01 07:41:00.000000
{},{},walk,1900-01-01 09:38:00,1900-01-01 10:10:00.000000
{},{},metro,1900-01-01 06:32:00,1900-01-01 06:54:00.000000
{},{},car,1900-01-01 08:00:00,1900-01-01 10:58:04.445553
{},{},bus,1900-01-01 07:45:00,1900-01-01 11:01:31.952275
{},{},walk,1900-01-01 09:06:00,1900-01-01 09:54:00.000000
{},{},car,1900-01-01 08:00:00,1900-01-01 10:45:48.988929
{},{},car,1900-01-01 08:00:00,1900-01-01 12:23:42.306126
{},{},bus,1900-01-01 08:50:00,1900-01-01 15:08:19.836018
{},{},metro,1900-01-01 06:19:00,1900-01-01 06:33:00.000000
{},{},walk,1900-01-01 10:14:00,1900-01-01 10:44:00.000000
{},{},metro,1900-01-01 06:50:00,1900-01-01 07:27:00.000000
{},{},car,1900-01-01 08:00:00,1900-01-01 10:27:03.656037
{},{},walk,1900-01-01 09:31:00,1900-01-01 10:20:00.000000
{},{},car,1900-01-01 08:00:00,1900-01-01 09:37:59.859630
{},{},car,1900-01-01 08:00:00,1900-01-01 11:15:34.961121
{},{},car,1900-01-01 08:00:00,1900-01-01 10:27:42.785483
{},{},walk,1900-01-01 10:39:00,1900-01-01 11:04:00.000000
{},{},metro,1900-01-01 06:15:00,1900-01-01 06:58:00.000000
{},{},metro,1900-01-01 06:06:00,1900-01-01 06:36:00.000000
{},{},car,1900-01-01 08:00:00,1900-01-01 10:23:06.658036
{},{},bus,1900-01-01 07:53:00,1900-01-01 09:26:56.008494
{},{},car,1900-01-01 08:00:00,1900-01-01 10:38:11.162597
{},{},walk,1900-01-01 08:19:00,1900-01-01 08:30:00.000000
{},{},bus,1900-01-01 07:52:00,1900-01-01 13:37:46.576999
{},{},walk,1900-01-01 09:16:00,1900-01-01 09:31:00.000000
{},{},walk,1900-01-01 10:45:00,1900-01-01 11:37:00.000000
{},{},metro,1900-01-01 06:37:00,1900-01-01 06:52:00.000000
{},{},walk,1900-01-01 10:50:00,1900-01-01 11:25:00.000000
{},{},metro,1900-01-01 06:46:00,1900-01-01 07:08:00.000000
{},{},metro,1900-01-01 06:36:00,1900-01-01 07:13:00.000000
{},{},walk,1900-01-01 10:11:00,1900-01-01 10:23:00.000000
{},{},bus,1900-01-01 08:57:00,1900-01-01 12:25:21.970660
{},{},bus,1900-01-01 07:52:00,1900-01-01 14:14:35.922863
{},{},bus,1900-01-01 07:51:00,1900-01-01 15:21:26.268542
{},{},car,1900-01-01 08:00:00,1900-01-01 10:06:56.518313
{},{},walk,1900-01-01 09:09:00,1900-01-01 09:22:00.000000
{},{},car,1900-01-01 08:00:00,1900-01-01 13:18:04.213545
{},{},car,1900-01-01 08:00:00,1900-01-01 11:27:47.354352
{},{},bus,1900-01-01 07:49:00,1900-01-01 09:00:02.456536
{},{},car,1900-01-01 08:00:00,1900-01-01 09:05:05.290524
{},{},metro,1900-01-01 06:32:00,1900-01-01 06:54:00.000000
{},{},car,1900-01-01 08:00:00,1900-01-01 12:49:19.621442
{},{},bus,1900-01-01 08:30:00,1900-01-01 13:27:01.248354
{},{},metro,1900-01-01 06:34:00,1900-01-01 07:18:00.000000
{},{},walk,1900-01-01 10:18:00,1900-01-01 11:11:00.000000
{},{},bus,1900-01-01 07:24:00,1900-01-01 09:55:10.525934
{},{},car,1900-01-01 08:00:00,1900-01-01 10:11:09.167595
{},{},walk,1900-01-01 09:21:00,1900-01-01 10:10:00.000000
{},{},car,1900-01-01 08:00:00,1900-01-01 09:21:41.702959
{},{},walk,1900-01-01 09:39:00,1900-01-01 10:09:00.000000
{},{},walk,1900-01-01 10:56:00,1900-01-01 11:10:00.000000
{},{},bus,1900-01-01 08:46:00,1900-01-01 13:44:06.703709
{},{},bus,1900-01-01 08:24:00,1900-01-01 12:31:01.789201
{},{},metro,1900-01-01 06:41:00,1900-01-01 07:23:00.000000
{},{},car,1900-01-01 08:00:00,1900-01-01 11:40:20.339988
{},{},car,1900-01-01 08:00:00,1900-01-01 10:29:26.977846
{},{},walk,1900-01-01 09:16:00,1900-01-01 09:56:00.000000
{},{},car,1900-01-01 08:00:00,1900-01-01 10:05:22.283921
{},{},metro,1900-01-01 06:20:00,1900-01-01 06:37:00.000000
{},{},metro,1900-01-01 06:13:00,1900-01-01 07:11:00.000000
{},{},bus,1900-01-01 07:16:00,1900-01-01 11:00:36.043301
{},{},metro,1900-01-01 06:36:00,1900-01-01 07:21:00.000000
{},{},bus,1900-01-01 08:53:00,1900-01-01 12:44:23.927648
{},{},walk,1900-01-01 08:03:00,1900-01-01 08:15:00.000000
{},{},car,1900-01-01 08:00:00,1900-01-01 12:12:17.072071
{},{},walk,1900-01-01 09:33:00,1900-01-01 09:56:00.000000
{},{},metro,1900-01-01 06:21:00,1900-01-01 06:52:00.000000
{},{},bus,1900-01-01 08:05:00,1900-01-01 14:56:19.184658
{},{},walk,1900-01-01 08:00:00,1900-01-01 08:43:00.000000
{},{},bus,1900-01-01 07:31:00,1900-01-01 10:01:50.696354
{},{},walk,1900-01-01 10:43:00,1900-01-01 10:53:00.000000
{},{},bus,1900-01-01 08:04:00,1900-01-01 14:17:46.817916
{},{},car,1900-01-01 08:00:00,1900-01-01 10:05:22.537419
{},{},car,1900-01-01 08:00:00,1900-01-01 09:34:10.471785
{},{},walk,1900-01-01 10:33:00,1900-01-01 11:00:00.000000
{},{},bus,1900-01-01 07:17:00,1900-01-01 12:17:04.561852
{},{},walk,1900-01-01 08:11:00,1900-01-01 08:44:00.000000
{},{},metro,1900-01-01 06:18:00,1900-01-01 07:13:00.000000
{},{},car,1900-01-01 08:00:00,1900-01-01 09:46:34.104141
{},{},walk,1900-01-01 08:19:00,1900-01-01 08:34:00.000000
{},{},metro,1900-01-01 06:00:00,1900-01-01 06:43:00.000000
{},{},car,1900-01-01 08:00:00,1900-01-01 11:44:14.556963
{},{},metro,1900-01-01 06:19:00,1900-01-01 07:00:00.000000
{},{},walk,1900-01-01 09:04:00,1900-01-01 09:23:00.000000
{},{},car,1900-01-01 08:00:00,1900-01-01 11:04:20.195730
{},{},bus,1900-01-01 08:59:00,1900-01-01 15:20:50.516860
{},{},car,1900-01-01 08:00:00,1900-01-01 09:36:50.957069
{},{},metro,1900-01-01 06:06:00,1900-01-01 06:45:00.000000
{},{},metro,1900-01-01 06:14:00,1900-01-01 06:52:00.000000
{},{},bus,1900-01-01 08:12:00,1900-01-01 14:59:57.496661
{},{},bus,1900-01-01 07:32:00,1900-01-01 11:12:49.713133
{},{},bus,1900-01-01 07:09:00,1900-01-01 11:50:46.448484
{},{},car,1900-01-01 08:00:00,1900-01-01 10:30:09.442067
{},{},bus,1900-01-01 08:06:00,1900-01-01 14:14:17.848260
{},{},walk,1900-01-01 09:59:00,1900-01-01 10:39:00.000000
{},{},car,1900-01-01 08:00:00,1900-01-01 09:08:54.274759
{},{},metro,1900-01-01 06:31:00,1900-01-01 07:30:00.000000
{},{},walk,1900-01-01 08:56:00,1900-01-01 09:19:00.000000
{},{},walk,1900-01-01 09:07:00,1900-01-01 10:06:00.000000
{},{},walk,1900-01-01 10:23:00,1900-01-01 11:09:00.000000
{},{},metro,1900-01-01 06:58:00,1900-01-01 07:35:00.000000
{},{},bus,1900-01-01 07:22:00,1900-01-01 09:37:58.028959
{},{},car,1900-01-01 08:00:00,1900-01-01 10:48:49.179681
{},{},bus,1900-01-01 08:24:00,1900-01-01 13:33:32.853348
{},{},car,1900-01-01 08:00:00,1900-01-01 10:45:11.442289
{},{},car,1900-01-01 08:00:00,1900-01-01 09:06:27.448344
{},{},walk,1900-01-01 10:16:00,1900-01-01 11:10:00.000000
{},{},walk,1900-01-01 09:27:00,1900-01-01 10:21:00.000000
{},{},car,1900-01-01 08:00:00,1900-01-01 09:43:39.686882
{},{},bus,1900-01-01 08:47:00,1900-01-01 14:05:58.752424
{},{},metro,1900-01-01 06:00:00,1900-01-01 06:19:00.000000
{},{},bus,1900-01-01 07:08:00,1900-01-01 13:40:48.663057
{},{},car,1900-01-01 08:00:00,1900-01-01 09:25:53.438470
{},{},bus,1900-01-01 08:09:00,1900-01-01 13:03:29.734291
{},{},bus,1900-01-01 08:07:00,1900-01-01 12:10:36.073101
{},{},bus,1900-01-01 07:45:00,1900-01-01 12:13:43.379703
{},{},bus,1900-01-01 07:19:00,1900-01-01 09:50:18.244467
{},{},walk,1900-01-01 10:23:00,1900-01-01 10:48:00.000000
{},{},walk,1900-01-01 08:34:00,1900-01-01 08:48:00.000000
{},{},metro,1900-01-01 06:57:00,1900-01-01 07:42:00.000000
{},{},car,1900-01-01 08:00:00,1900-01-01 11:06:36.078535
{},{},metro,1900-01-01 06:52:00,1900-01-01 07:32:00.000000
{},{},walk,1900-01-01 08:08:00,1900-01-01 08:38:00.000000
{},{},car,1900-01-01 08:00:00,1900-01-01 10:06:32.696270
{},{},walk,1900-01-01 10:27:00,1900-01-01 10:42:00.000000
{},{},walk,1900-01-01 08:39:00,1900-01-01 09:31:00.000000
{},{},walk,1900-01-01 08:12:00,1900-01-01 09:04:00.000000
{},{},car,1900-01-01 08:00:00,1900-01-01 12:34:03.122578
{},{},metro,1900-01-01 06:10:00,1900-01-01 06:34:00.000000
{},{},car,1900-01-01 08:00:00,1900-01-01 11:13:28.864776
{},{},metro,1900-01-01 06:59:00,1900-01-01 07:55:00.000000
{},{},car,1900-01-01 08:00:00,1900-01-01 09:38:04.212549
{},{},car,1900-01-01 08:00:00,1900-01-01 09:38:10.945742
{},{},metro,1900-01-01 06:39:00,1900-01-01 07:09:00.000000
{},{},metro,1900-01-01 06:16:00,1900-01-01 06:49:00.000000
{},{},bus,1900-01-01 08:12:00,1900-01-01 12:19:53.074022
{},{},metro,1900-01-01 06:33:00,1900-01-01 06:48:00.000000
{},{},metro,1900-01-01 06:06:00,1900-01-01 06:22:00.000000
{},{},bus,1900-01-01 08:18:00,1900-01-01 11:07:08.542309
{},{},metro,1900-01-01 06:43:00,1900-01-01 07:22:00.000000
{},{},metro,1900-01-01 06:07:00,1900-01-01 06:51:00.000000
{},{},bus,1900-01-01 07:21:00,1900-01-01 11:53:00.428805
{},{},walk,1900-01-01 10:01:00,1900-01-01 10:26:00.000000
{},{},metro,1900-01-01 06:49:00,1900-01-01 07:43:00.000000
{},{},metro,1900-01-01 06:58:00,1900-01-01 07:41:00.000000
{},{},bus,1900-01-01 07:46:00,1900-01-01 10:34:31.352997
{},{},car,1900-01-01 08:00:00,1900-01-01 12:01:30.226687
{},{},bus,1900-01-01 08:05:00,1900-01-01 11:14:50.868808
{},{},bus,1900-01-01 07:44:00,1900-01-01 10:23:49.716567
{},{},metro,1900-01-01 06:08:00,1900-01-01 06:44:00.000000
{},{},walk,1900-01-01 10:30:00,1900-01-01 10:47:00.000000
{},{},car,1900-01-01 08:00:00,1900-01-01 09:44:04.169360
{},{},bus,1900-01-01 08:29:00,1900-01-01 11:02:20.619315
{},{},car,1900-01-01 08:00:00,1900-01-01 11:10:17.339284
{},{},car,1900-01-01 08:00:00,1900-01-01 10:02:11.003190
{},{},car,1900-01-01 08:00:00,1900-01-01 11:04:10.186537
{},{},metro,1900-01-01 06:15:00,1900-01-01 06:29:00.000000
{},{},car,1900-01-01 08:00:00,1900-01-01 10:53:41.600712
{},{},car,1900-01-01 08:00:00,1900-01-01 11:35:54.694200
{},{},car,1900-01-01 08:00:00,1900-01-01 09:43:13.449634
{},{},walk,1900-01-01 09:23:00,1900-01-01 10:13:00.000000
{},{},car,1900-01-01 08:00:00,1900-01-01 09:26:07.067595
{},{},car,1900-01-01 08:00:00,1900-01-01 10:32:26.734540
{},{},metro,1900-01-01 06:40:00,1900-01-01 07:08:00.000000
{},{},metro,1900-01-01 06:43:00,1900-01-01 07:07:00.000000
{},{},car,1900-01-01 08:00:00,1900-01-01 11:14:57.689032
{},{},bus,1900-01-01 08:17:00,1900-01-01 12:27:08.281137
{},{},bus,1900-01-01 08:46:00,1900-01-01 10:50:31.576733
{},{},car,1900-01-01 08:00:00,1900-01-01 11:36:40.271321
{},{},metro,1900-01-01 06:49:00,1900-01-01 07:44:00.000000
{},{},car,1900-01-01 08:00:00,1900-01-01 11:17:29.959965
{},{},metro,1900-01-01 06:45:00,1900-01-01 07:02:00.000000
{},{},bus,1900-01-01 08:57:00,1900-01-01 12:07:17.876232
{},{},car,1900-01-01 08:00:00,1900-01-01 11:00:21.601855
{},{},bus,1900-01-01 07:07:00,1900-01-01 11:33:04.388692
{},{},walk,1900-01-01 08:55:00,1900-01-01 09:17:00.000000
{},{},metro,1900-01-01 06:30:00,1900-01-01 07:05:00.000000
{},{},bus,1900-01-01 07:21:00,1900-01-01 12:12:37.787985
{},{},walk,1900-01-01 10:53:00,1900-01-01 11:07:00.000000
{},{},walk,1900-01-01 08:23:00,1900-01-01 09:11:00.000000
{},{},metro,1900-01-01 06:05:00,1900-01-01 06:56:00.000000
{},{},car,1900-01-01 08:00:00,1900-01-01 10:04:08.301018
{},{},car,1900-01-01 08:00:00,1900-01-01 09:55:08.454398
{},{},metro,1900-01-01 06:00:00,1900-01-01 06:49:00.000000
{},{},metro,1900-01-01 06:01:00,1900-01-01 06:55:00.000000
{},{},car,1900-01-01 08:00:00,1900-01-01 10:16:35.819298
{},{},bus,1900-01-01 07:36:00,1900-01-01 10:55:00.753600
{},{},bus,1900-01-01 07:55:00,1900-01-01 11:23:21.984101
{},{},walk,1900-01-01 08:04:00,1900-01-01 09:00:00.000000
{},{},car,1900-01-01 08:00:00,1900-01-01 11:08:54.556262
{},{},metro,1900-01-01 06:59:00,1900-01-01 07:20:00.000000
{},{},car,1900-01-01 08:00:00,1900-01-01 12:58:41.560404
{},{},bus,1900-01-01 07:09:00,1900-01-01 13:32:46.736800
{},{},walk,1900-01-01 08:13:00,1900-01-01 08:56:00.000000
{},{},car,1900-01-01 08:00:00,1900-01-01 12:16:00.337517
{},{},walk,1900-01-01 08:35:00,1900-01-01 09:17:00.000000
{},{},bus,1900-01-01 07:13:00,1900-01-01 12:01:52.155469
{},{},bus,1900-01-01 07:58:00,1900-01-01 11:24:45.668552
{},{},walk,1900-01-01 08:05:00,1900-01-01 08:17:00.000000
{},{},car,1900-01-01 08:00:00,1900-01-01 11:23:35.366449
{},{},metro,1900-01-01 06:32:00,1900-01-01 07:02:00.000000
{},{},car,1900-01-01 08:00:00,1900-01-01 09:52:30.250266
{},{},car,1900-01-01 08:00:00,1900-01-01 12:30:33.284431
{},{},bus,1900-01-01 07:38:00,1900-01-01 13:01:17.736147
{},{},walk,1900-01-01 08:39:00,1900-01-01 09:27:00.000000
{},{},metro,1900-01-01 06:33:00,1900-01-01 07:19:00.000000
{},{},bus,1900-01-01 08:29:00,1900-01-01 12:49:28.200397
{},{},metro,1900-01-01 06:48:00,1900-01-01 07:00:00.000000
{},{},bus,1900-01-01 08:56:00,1900-01-01 13:15:34.827825
{},{},metro,1900-01-01 06:29:00,1900-01-01 07:15:00.000000
{},{},bus,1900-01-01 08:31:00,1900-01-01 11:15:00.198576
{},{},walk,1900-01-01 10:59:00,1900-01-01 11:51:00.000000
{},{},bus,1900-01-01 07:44:00,1900-01-01 10:34:46.731585
{},{},metro,1900-01-01 06:05:00,1900-01-01 07:01:00.000000
{},{},bus,1900-01-01 08:56:00,1900-01-01 12:13:38.879635
{},{},walk,1900-01-01 10:52:00,1900-01-01 11:36:00.000000
{},{},metro,1900-01-01 06:14:00,1900-01-01 07:06:00.000000
{},{},bus,1900-01-01 08:32:00,1900-01-01 11:15:21.648187
{},{},walk,1900-01-01 10:37:00,1900-01-01 11:13:00.000000
{},{},car,1900-01-01 08:00:00,1900-01-01 10:37:19.098333
{},{},bus,1900-01-01 07:43:00,1900-01-01 12:56:19.520650
{},{},car,1900-01-01 08:00:00,1900-01-01 11:00:28.506097
{},{},car,1900-01-01 08:00:00,1900-01-01 10:07:07.433852
{},{},walk,1900-01-01 09:02:00,1900-01-01 09:23:00.000000
{},{},walk,1900-01-01 09:49:00,1900-01-01 10:48:00.000000
{},{},walk,1900-01-01 10:17:00,1900-01-01 10:59:00.000000
{},{},car,1900-01-01 08:00:00,1900-01-01 09:28:27.706315
{},{},metro,1900-01-01 06:37:00,1900-01-01 07:18:00.000000
{},{},bus,1900-01-01 08:35:00,1900-01-01 10:41:48.060122
{},{},bus,1900-01-01 08:03:00,1900-01-01 12:44:05.368998
{},{},metro,1900-01-01 06:01:00,1900-01-01 06:38:00.000000
{},{},bus,1900-01-01 08:50:00,1900-01-01 10:47:20.389813
{},{},metro,1900-01-01 06:31:00,1900-01-01 07:09:00.000000
{},{},metro,1900-01-01 06:10:00,1900-01-01 06:45:00.000000
{},{},bus,1900-01-01 08:19:00,1900-01-01 11:41:44.239290
{},{},car,1900-01-01 08:00:00,1900-01-01 11:34:20.169439
{},{},bus,1900-01-01 08:37:00,1900-01-01 10:24:07.693617
{},{},walk,1900-01-01 10:59:00,1900-01-01 11:50:00.000000
{},{},bus,1900-01-01 08:04:00,1900-01-01 10:30:23.330234
{},{},metro,1900-01-01 06:42:00,1900-01-01 06:59:00.000000
{},{},walk,1900-01-01 08:02:00,1900-01-01 08:22:00.000000
{},{},walk,1900-01-01 10:19:00,1900-01-01 10:43:00.000000
{},{},bus,1900-01-01 07:53:00,1900-01-01 08:56:05.180168
{},{},bus,1900-01-01 08:32:00,1900-01-01 10:35:49.360865
{},{},bus,1900-01-01 07:58:00,1900-01-01 15:36:03.795929
{},{},car,1900-01-01 08:00:00,1900-01-01 10:04:36.960244
{},{},bus,1900-01-01 07:08:00,1900-01-01 08:24:48.018276
{},{},metro,1900-01-01 06:07:00,1900-01-01 06:26:00.000000
{},{},metro,1900-01-01 06:00:00,1900-01-01 06:26:00.000000
{},{},car,1900-01-01 08:00:00,1900-01-01 11:49:59.793043
{},{},car,1900-01-01 08:00:00,1900-01-01 10:01:24.836302
{},{},bus,1900-01-01 07:58:00,1900-01-01 09:16:48.711673
{},{},metro,1900-01-01 06:29:00,1900-01-01 07:05:00.000000
{},{},walk,1900-01-01 08:09:00,1900-01-01 08:44:00.000000
{},{},car,1900-01-01 08:00:00,1900-01-01 11:29:22.191263
{},{},bus,1900-01-01 08:05:00,1900-01-01 13:37:48.935233
{},{},car,1900-01-01 08:00:00,1900-01-01 11:21:35.203427
{},{},metro,1900-01-01 06:54:00,1900-01-01 07:50:00.000000
{},{},car,1900-01-01 08:00:00,1900-01-01 09:31:42.171566
{},{},metro,1900-01-01 06:17:00,1900-01-01 06:55:00.000000
{},{},car,1900-01-01 08:00:00,1900-01-01 08:52:17.748221
{},{},metro,1900-01-01 06:18:00,1900-01-01 07:15:00.000000
{},{},car,1900-01-01 08:00:00,1900-01-01 10:23:39.272391
{},{},metro,1900-01-01 06:23:00,1900-01-01 06:54:00.000000
{},{},car,1900-01-01 08:00:00,1900-01-01 12:13:54.178986
{},{},car,1900-01-01 08:00:00,1900-01-01 10:51:44.970130
{},{},metro,1900-01-01 06:01:00,1900-01-01 06:39:00.000000
{},{},car,1900-01-01 08:00:00,1900-01-01 08:47:04.686366
{},{},car,1900-01-01 08:00:00,1900-01-01 09:24:38.162894
{},{},bus,1900-01-01 08:34:00,1900-01-01 12:46:26.266003
{},{},metro,1900-01-01 06:53:00,1900-01-01 07:24:00.000000
{},{},walk,1900-01-01 09:19:00,1900-01-01 10:05:00.000000
{},{},car,1900-01-01 08:00:00,1900-01-01 09:07:53.248637
{},{},metro,1900-01-01 06:28:00,1900-01-01 07:13:00.000000
{},{},walk,1900-01-01 09:52:00,1900-01-01 10:18:00.000000
{},{},car,1900-01-01 08:00:00,1900-01-01 09:00:03.957663
{},{},walk,1900-01-01 10:14:00,1900-01-01 10:37:00.000000
{},{},metro,1900-01-01 06:35:00,1900-01-01 06:50:00.000000
{},{},walk,1900-01-01 08:36:00,1900-01-01 09:22:00.000000
{},{},walk,1900-01-01 08:12:00,1900-01-01 08:39:00.000000
{},{},metro,1900-01-01 06:24:00,1900-01-01 07:10:00.000000
{},{},walk,1900-01-01 08:46:00,1900-01-01 09:24:00.000000
{},{},metro,1900-01-01 06:11:00,1900-01-01 06:50:00.000000
{},{},walk,1900-01-01 09:52:00,1900-01-01 10:04:00.000000
{},{},car,1900-01-01 08:00:00,1900-01-01 11:34:50.785330
{},{},bus,1900-01-01 08:51:00,1900-01-01 10:17:03.344529
{},{},metro,1900-01-01 06:40:00,1900-01-01 07:38:00.000000
{},{},bus,1900-01-01 07:52:00,1900-01-01 13:09:14.945400
{},{},car,1900-01-01 08:00:00,1900-01-01 12:01:17.818669
{},{},metro,1900-01-01 06:06:00,1900-01-01 06:50:00.000000
{},{},bus,1900-01-01 08:12:00,1900-01-01 13:42:20.747324
{},{},walk,1900-01-01 10:24:00,1900-01-01 11:15:00.000000
{},{},walk,1900-01-01 08:50:00,1900-01-01 09:03:00.000000
{},{},walk,1900-01-01 10:33:00,1900-01-01 10:53:00.000000
{},{},bus,1900-01-01 07:54:00,1900-01-01 09:42:53.224101
{},{},bus,1900-01-01 07:21:00,1900-01-01 14:20:22.489816
{},{},metro,1900-01-01 06:16:00,1900-01-01 07:03:00.000000
{},{},walk,1900-01-01 08:30:00,1900-01-01 09:23:00.000000
{},{},metro,1900-01-01 06:32:00,1900-01-01 07:12:00.000000
{},{},car,1900-01-01 08:00:00,1900-01-01 10:22:48.099788
{},{},bus,1900-01-01 07:02:00,1900-01-01 12:52:10.477453
{},{},metro,1900-01-01 06:48:00,1900-01-01 07:44:00.000000
{},{},bus,1900-01-01 08:53:00,1900-01-01 11:25:18.639210
{},{},bus,1900-01-01 08:53:00,1900-01-01 12:01:38.614839
{},{},car,1900-01-01 08:00:00,1900-01-01 09:19:46.431061
{},{},metro,1900-01-01 06:51:00,1900-01-01 07:46:00.000000
{},{},bus,1900-01-01 08:23:00,1900-01-01 13:20:33.453814
{},{},car,1900-01-01 08:00:00,1900-01-01 09:49:39.047398
{},{},walk,1900-01-01 08:15:00,1900-01-01 08:49:00.000000
{},{},metro,1900-01-01 06:03:00,1900-01-01 06:56:00.000000
{},{},metro,1900-01-01 06:12:00,1900-01-01 07:00:00.000000
{},{},metro,1900-01-01 06:21:00,1900-01-01 07:08:00.000000
{},{},car,1900-01-01 08:00:00,1900-01-01 10:33:34.102225
{},{},metro,1900-01-01 06:41:00,1900-01-01 07:23:00.000000
{},{},walk,1900-01-01 08:21:00,1900-01-01 08:45:00.000000
{},{},metro,1900-01-01 06:22:00,1900-01-01 07:18:00.000000
{},{},bus,1900-01-01 07:11:00,1900-01-01 12:25:31.430192
{},{},bus,1900-01-01 08:25:00,1900-01-01 11:14:42.249145
{},{},car,1900-01-01 08:00:00,1900-01-01 12:15:24.129301
{},{},bus,1900-01-01 08:21:00,1900-01-01 11:48:06.463003
{},{},bus,1900-01-01 08:23:00,1900-01-01 10:10:00.220140
{},{},bus,1900-01-01 08:52:00,1900-01-01 09:50:21.704777
{},{},walk,1900-01-01 09:16:00,1900-01-01 09:26:00.000000
{},{},car,1900-01-01 08:00:00,1900-01-01 10:20:21.609007
{},{},walk,1900-01-01 08:43:00,1900-01-01 09:30:00.000000
{},{},bus,1900-01-01 08:09:00,1900-01-01 11:14:52.336089
{},{},bus,1900-01-01 07:44:00,1900-01-01 08:55:55.921938
{},{},car,1900-01-01 08:00:00,1900-01-01 09:58:22.080186
{},{},bus,1900-01-01 07:22:00,1900-01-01 12:14:17.013687
{},{},bus,1900-01-01 07:54:00,1900-01-01 14:50:21.086775
{},{},metro,1900-01-01 06:03:00,1900-01-01 06:13:00.000000
{},{},metro,1900-01-01 06:15:00,1900-01-01 06:50:00.000000
{},{},walk,1900-01-01 09:58:00,1900-01-01 10:25:00.000000
{},{},car,1900-01-01 08:00:00,1900-01-01 09:31:38.249106
{},{},walk,1900-01-01 08:57:00,1900-01-01 09:14:00.000000
{},{},car,1900-01-01 08:00:00,1900-01-01 11:11:07.132639
{},{},walk,1900-01-01 10:17:00,1900-01-01 10:28:00.000000
{},{},car,1900-01-01 08:00:00,1900-01-01 11:35:20.223529
{},{},walk,1900-01-01 09:49:00,1900-01-01 10:00:00.000000
{},{},car,1900-01-01 08:00:00,1900-01-01 12:18:55.680352
{},{},metro,1900-01-01 06:12:00,1900-01-01 07:09:00.000000
{},{},metro,1900-01-01 06:00:00,1900-01-01 06:19:00.000000
{},{},bus,1900-01-01 08:31:00,1900-01-01 10:20:31.905193
{},{},metro,1900-01-01 06:00:00,1900-01-01 06:16:00.000000
{},{},bus,1900-01-01 08:49:00,1900-01-01 11:02:10.783520
{},{},walk,1900-01-01 09:22:00,1900-01-01 09:36:00.000000
{},{},walk,1900-01-01 09:10:00,1900-01-01 09:58:00.000000
{},{},walk,1900-01-01 08:04:00,1900-01-01 08:49:00.000000
{},{},walk,1900-01-01 10:30:00,1900-01-01 10:45:00.000000
{},{},car,1900-01-01 08:00:00,1900-01-01 11:38:30.333028
{},{},metro,1900-01-01 06:23:00,1900-01-01 07:09:00.000000
{},{},walk,1900-01-01 08:55:00,1900-01-01 09:06:00.000000
{},{},walk,1900-01-01 10:14:00,1900-01-01 10:53:00.000000
{},{},walk,1900-01-01 08:18:00,1900-01-01 08:42:00.000000
{},{},metro,1900-01-01 06:47:00,1900-01-01 07:23:00.000000
{},{},bus,1900-01-01 08:34:00,1900-01-01 13:39:47.553536
{},{},metro,1900-01-01 06:09:00,1900-01-01 07:01:00.000000
{},{},car,1900-01-01 08:00:00,1900-01-01 10:36:53.054747
{},{},metro,1900-01-01 06:52:00,1900-01-01 07:03:00.000000
{},{},car,1900-01-01 08:00:00,1900-01-01 11:56:14.763542
{},{},bus,1900-01-01 07:28:00,1900-01-01 09:59:16.242579
{},{},metro,1900-01-01 06:27:00,1900-01-01 06:47:00.000000
{},{},walk,1900-01-01 09:39:00,1900-01-01 10:07:00.000000
{},{},car,1900-01-01 08:00:00,1900-01-01 11:57:02.321832
{},{},car,1900-01-01 08:00:00,1900-01-01 10:17:05.032882
{},{},car,1900-01-01 08:00:00,1900-01-01 10:54:17.907111
{},{},bus,1900-01-01 07:43:00,1900-01-01 11:46:40.272722
{},{},metro,1900-01-01 06:23:00,1900-01-01 07:18:00.000000
{},{},bus,1900-01-01 07:48:00,1900-01-01 13:06:49.936473
{},{},walk,1900-01-01 10:38:00,1900-01-01 10:50:00.000000
{},{},metro,1900-01-01 06:04:00,1900-01-01 06:17:00.000000
{},{},metro,1900-01-01 06:01:00,1900-01-01 06:18:00.000000
{},{},car,1900-01-01 08:00:00,1900-01-01 08:51:35.507157
{},{},car,1900-01-01 08:00:00,1900-01-01 08:47:32.558727
{},{},metro,1900-01-01 06:42:00,1900-01-01 07:11:00.000000
{},{},car,1900-01-01 08:00:00,1900-01-01 12:11:13.402704
{},{},walk,1900-01-01 09:06:00,1900-01-01 09:18:00.000000
{},{},bus,1900-01-01 07:55:00,1900-01-01 13:10:29.356538
{},{},car,1900-01-01 08:00:00,1900-01-01 09:30:56.666891
{},{},walk,1900-01-01 10:43:00,1900-01-01 11:43:00.000000
{},{},metro,1900-01-01 06:18:00,1900-01-01 06:50:00.000000
{},{},walk,1900-01-01 08:05:00,1900-01-01 08:28:00.000000
{},{},car,1900-01-01 08:00:00,1900-01-01 10:29:16.996815
{},{},car,1900-01-01 08:00:00,1900-01-01 09:36:47.759894
{},{},bus,1900-01-01 07:24:00,1900-01-01 14:26:19.364950
{},{},walk,1900-01-01 10:53:00,1900-01-01 11:34:00.000000
{},{},walk,1900-01-01 10:19:00,1900-01-01 10:53:00.000000
{},{},bus,1900-01-01 07:35:00,1900-01-01 12:41:42.757721
{},{},car,1900-01-01 08:00:00,1900-01-01 08:40:21.209387
{},{},walk,1900-01-01 08:11:00,1900-01-01 08:43:00.000000
{},{},walk,1900-01-01 09:41:00,1900-01-01 10:32:00.000000
{},{},car,1900-01-01 08:00:00,1900-01-01 11:00:45.551806
{},{},walk,1900-01-01 10:08:00,1900-01-01 10:41:00.000000
{},{},bus,1900-01-01 07:55:00,1900-01-01 09:54:51.228740
{},{},bus,1900-01-01 07:27:00,1900-01-01 12:55:27.875382
{},{},bus,1900-01-01 07:45:00,1900-01-01 09:20:37.908049
{},{},walk,1900-01-01 10:18:00,1900-01-01 11:04:00.000000
{},{},metro,1900-01-01 06:48:00,1900-01-01 07:12:00.000000
{},{},walk,1900-01-01 10:05:00,1900-01-01 10:33:00.000000
{},{},bus,1900-01-01 08:03:00,1900-01-01 09:58:37.644654
{},{},metro,1900-01-01 06:27:00,1900-01-01 07:06:00.000000
{},{},metro,1900-01-01 06:29:00,1900-01-01 07:15:00.000000
{},{},bus,1900-01-01 08:20:00,1900-01-01 09:41:35.006324
{},{},car,1900-01-01 08:00:00,1900-01-01 13:21:16.926402
{},{},bus,1900-01-01 07:27:00,1900-01-01 10:16:20.726511
{},{},metro,1900-01-01 06:42:00,1900-01-01 07:28:00.000000
{},{},car,1900-01-01 08:00:00,1900-01-01 10:48:42.462914
{},{},metro,1900-01-01 06:27:00,1900-01-01 07:24:00.000000
{},{},car,1900-01-01 08:00:00,1900-01-01 11:57:50.499731
{},{},bus,1900-01-01 07:40:00,1900-01-01 11:15:49.235471
{},{},car,1900-01-01 08:00:00,1900-01-01 12:01:44.415770
{},{},metro,1900-01-01 06:26:00,1900-01-01 06:49:00.000000
{},{},car,1900-01-01 08:00:00,1900-01-01 08:53:03.618252
{},{},walk,1900-01-01 08:56:00,1900-01-01 09:56:00.000000
{},{},bus,1900-01-01 07:08:00,1900-01-01 11:14:13.694619
{},{},car,1900-01-01 08:00:00,1900-01-01 12:00:18.361303
{},{},bus,1900-01-01 08:32:00,1900-01-01 12:24:45.405706
{},{},car,1900-01-01 08:00:00,1900-01-01 09:15:04.266176
{},{},walk,1900-01-01 08:33:00,1900-01-01 08:51:00.000000
{},{},bus,1900-01-01 07:06:00,1900-01-01 09:18:23.282369
{},{},bus,1900-01-01 08:10:00,1900-01-01 14:51:24.050209
{},{},walk,1900-01-01 09:19:00,1900-01-01 10:00:00.000000
{},{},metro,1900-01-01 06:31:00,1900-01-01 07:17:00.000000
{},{},car,1900-01-01 08:00:00,1900-01-01 10:56:40.608990
{},{},bus,1900-01-01 09:00:00,1900-01-01 11:05:50.039988
{},{},metro,1900-01-01 06:33:00,1900-01-01 07:08:00.000000
{},{},walk,1900-01-01 08:39:00,1900-01-01 09:19:00.000000
{},{},metro,1900-01-01 06:33:00,1900-01-01 06:57:00.000000
{},{},car,1900-01-01 08:00:00,1900-01-01 09:21:56.816567
{},{},walk,1900-01-01 10:07:00,1900-01-01 10:17:00.000000
{},{},walk,1900-01-01 10:50:00,1900-01-01 11:19:00.000000
{},{},bus,1900-01-01 07:00:00,1900-01-01 14:51:22.143683
{},{},bus,1900-01-01 07:53:00,1900-01-01 09:09:36.547721
{},{},walk,1900-01-01 10:19:00,1900-01-01 10:30:00.000000
{},{},car,1900-01-01 08:00:00,1900-01-01 10:08:00.292789
{},{},car,1900-01-01 08:00:00,1900-01-01 11:45:20.053499
{},{},car,1900-01-01 08:00:00,1900-01-01 09:07:54.415316
{},{},bus,1900-01-01 07:30:00,1900-01-01 09:34:32.571686
{},{},car,1900-01-01 08:00:00,1900-01-01 12:27:50.883815
{},{},metro,1900-01-01 06:50:00,1900-01-01 07:24:00.000000
{},{},car,1900-01-01 08:00:00,1900-01-01 09:01:14.859600
{},{},bus,1900-01-01 07:51:00,1900-01-01 09:07:45.270470
{},{},walk,1900-01-01 09:17:00,1900-01-01 09:59:00.000000
{},{},car,1900-01-01 08:00:00,1900-01-01 12:38:39.581926
{},{},car,1900-01-01 08:00:00,1900-01-01 10:27:05.325586
{},{},car,1900-01-01 08:00:00,1900-01-01 11:57:34.625883
{},{},metro,1900-01-01 06:25:00,1900-01-01 07:13:00.000000
{},{},car,1900-01-01 08:00:00,1900-01-01 10:21:57.372396
{},{},metro,1900-01-01 06:29:00,1900-01-01 07:14:00.000000
{},{},bus,1900-01-01 08:28:00,1900-01-01 09:35:14.247935
{},{},walk,1900-01-01 08:18:00,1900-01-01 09:09:00.000000
{},{},bus,1900-01-01 08:33:00,1900-01-01 09:42:07.985531
{},{},metro,1900-01-01 06:26:00,1900-01-01 06:59:00.000000
{},{},bus,1900-01-01 07:06:00,1900-01-01 10:38:47.223005
{},{},bus,1900-01-01 07:32:00,1900-01-01 11:34:58.389781
{},{},bus,1900-01-01 07:36:00,1900-01-01 12:01:14.383029
{},{},car,1900-01-01 08:00:00,1900-01-01 11:34:47.565809
{},{},metro,1900-01-01 06:31:00,1900-01-01 07:11:00.000000
{},{},walk,1900-01-01 10:51:00,1900-01-01 11:25:00.000000
{},{},metro,1900-01-01 06:29:00,1900-01-01 07:21:00.000000
{},{},bus,1900-01-01 08:58:00,1900-01-01 10:29:51.566033
{},{},car,1900-01-01 08:00:00,1900-01-01 12:54:10.982821
{},{},car,1900-01-01 08:00:00,1900-01-01 09:12:08.499535
{},{},metro,1900-01-01 06:49:00,1900-01-01 07:14:00.000000
{},{},bus,1900-01-01 08:56:00,1900-01-01 15:56:40.905285
{},{},walk,1900-01-01 09:23:00,1900-01-01 10:06:00.000000
{},{},bus,1900-01-01 07:05:00,1900-01-01 10:55:46.007819
{},{},metro,1900-01-01 06:35:00,1900-01-01 07:35:00.000000
{},{},metro,1900-01-01 06:13:00,1900-01-01 07:12:00.000000
{},{},bus,1900-01-01 08:56:00,1900-01-01 16:49:53.055399
{},{},car,1900-01-01 08:00:00,1900-01-01 11:50:53.655988
{},{},bus,1900-01-01 07:25:00,1900-01-01 11:36:46.256656
{},{},car,1900-01-01 08:00:00,1900-01-01 10:38:39.835411
{},{},walk,1900-01-01 08:46:00,1900-01-01 09:06:00.000000
{},{},car,1900-01-01 08:00:00,1900-01-01 09:06:48.367952
{},{},metro,1900-01-01 06:25:00,1900-01-01 06:58:00.000000
{},{},walk,1900-01-01 10:53:00,1900-01-01 11:35:00.000000
{},{},car,1900-01-01 08:00:00,1900-01-01 09:07:44.750411
{},{},car,1900-01-01 08:00:00,1900-01-01 11:41:37.767417
{},{},car,1900-01-01 08:00:00,1900-01-01 09:41:50.074531
{},{},metro,1900-01-01 06:03:00,1900-01-01 06:39:00.000000
{},{},metro,1900-01-01 06:28:00,1900-01-01 06:56:00.000000
{},{},bus,1900-01-01 08:16:00,1900-01-01 11:44:13.960079
{},{},bus,1900-01-01 07:27:00,1900-01-01 13:20:01.055997
{},{},bus,1900-01-01 08:27:00,1900-01-01 15:39:00.122318
{},{},bus,1900-01-01 08:40:00,1900-01-01 10:20:51.210224
{},{},walk,1900-01-01 08:17:00,1900-01-01 08:41:00.000000
{},{},walk,1900-01-01 10:16:00,1900-01-01 10:26:00.000000
{},{},bus,1900-01-01 08:16:00,1900-01-01 15:19:21.353162
{},{},walk,1900-01-01 09:52:00,1900-01-01 10:45:00.000000
{},{},walk,1900-01-01 10:41:00,1900-01-01 11:34:00.000000
{},{},walk,1900-01-01 09:35:00,1900-01-01 10:06:00.000000
{},{},bus,1900-01-01 08:05:00,1900-01-01 10:45:00.411213
{},{},bus,1900-01-01 07:19:00,1900-01-01 12:51:00.957499
{},{},metro,1900-01-01 06:44:00,1900-01-01 07:16:00.000000
{},{},metro,1900-01-01 06:39:00,1900-01-01 07:33:00.000000
{},{},walk,1900-01-01 09:54:00,1900-01-01 10:04:00.000000
{},{},metro,1900-01-01 06:45:00,1900-01-01 07:18:00.000000
{},{},car,1900-01-01 08:00:00,1900-01-01 09:24:36.546151
{},{},car,1900-01-01 08:00:00,1900-01-01 12:15:36.690337
{},{},car,1900-01-01 08:00:00,1900-01-01 09:21:46.350044
{},{},metro,1900-01-01 06:35:00,1900-01-01 07:12:00.000000
{},{},metro,1900-01-01 06:11:00,1900-01-01 07:01:00.000000
{},{},bus,1900-01-01 07:26:00,1900-01-01 11:43:18.251005
{},{},metro,1900-01-01 06:49:00,1900-01-01 07:13:00.000000
{},{},metro,1900-01-01 06:46:00,1900-01-01 07:00:00.000000
{},{},walk,1900-01-01 09:21:00,1900-01-01 10:15:00.000000
{},{},bus,1900-01-01 08:54:00,1900-01-01 12:50:10.925843
{},{},metro,1900-01-01 06:05:00,1900-01-01 06:26:00.000000
{},{},bus,1900-01-01 08:33:00,1900-01-01 10:35:31.738029
{},{},bus,1900-01-01 08:20:00,1900-01-01 13:19:49.246574
{},{},bus,1900-01-01 07:22:00,1900-01-01 10:22:37.576251
{},{},car,1900-01-01 08:00:00,1900-01-01 12:51:10.438927
{},{},bus,1900-01-01 08:27:00,1900-01-01 15:47:31.303494
{},{},walk,1900-01-01 10:42:00,1900-01-01 10:55:00.000000
{},{},walk,1900-01-01 09:54:00,1900-01-01 10:15:00.000000
{},{},walk,1900-01-01 09:05:00,1900-01-01 09:19:00.000000
{},{},walk,1900-01-01 09:42:00,1900-01-01 10:30:00.000000
{},{},walk,1900-01-01 08:04:00,1900-01-01 08:18:00.000000
{},{},bus,1900-01-01 07:12:00,1900-01-01 09:55:33.089526
{},{},bus,1900-01-01 08:02:00,1900-01-01 08:49:56.480152
{},{},metro,1900-01-01 06:13:00,1900-01-01 06:26:00.000000
{},{},walk,1900-01-01 09:43:00,1900-01-01 09:58:00.000000
{},{},car,1900-01-01 08:00:00,1900-01-01 09:04:26.781333
{},{},bus,1900-01-01 08:22:00,1900-01-01 10:13:34.265775
{},{},metro,1900-01-01 06:13:00,1900-01-01 06:47:00.000000
{},{},bus,1900-01-01 07:13:00,1900-01-01 13:04:39.111349
{},{},bus,1900-01-01 08:03:00,1900-01-01 13:54:43.709161
{},{},walk,1900-01-01 09:59:00,1900-01-01 10:57:00.000000
{},{},bus,1900-01-01 07:21:00,1900-01-01 11:17:48.809680
{},{},walk,1900-01-01 08:37:00,1900-01-01 09:09:00.000000
{},{},metro,1900-01-01 06:50:00,1900-01-01 07:07:00.000000
{},{},car,1900-01-01 08:00:00,1900-01-01 09:55:45.911797
{},{},car,1900-01-01 08:00:00,1900-01-01 11:42:29.805542
{},{},walk,1900-01-01 08:05:00,1900-01-01 08:36:00.000000
{},{},bus,1900-01-01 08:04:00,1900-01-01 12:01:08.396151
{},{},metro,1900-01-01 06:03:00,1900-01-01 06:39:00.000000
{},{},car,1900-01-01 08:00:00,1900-01-01 10:44:46.349250
{},{},metro,1900-01-01 06:48:00,1900-01-01 07:27:00.000000
{},{},walk,1900-01-01 08:29:00,1900-01-01 09:27:00.000000
{},{},metro,1900-01-01 06:08:00,1900-01-01 06:44:00.000000
{},{},metro,1900-01-01 06:18:00,1900-01-01 06:34:00.000000
{},{},bus,1900-01-01 08:07:00,1900-01-01 08:50:20.104279
{},{},metro,1900-01-01 06:05:00,1900-01-01 06:52:00.000000
{},{},bus,1900-01-01 07:25:00,1900-01-01 13:26:23.208257
{},{},car,1900-01-01 08:00:00,1900-01-01 09:53:19.329352
{},{},car,1900-01-01 08:00:00,1900-01-01 11:27:59.950432
{},{},walk,1900-01-01 09:23:00,1900-01-01 10:17:00.000000
{},{},car,1900-01-01 08:00:00,1900-01-01 11:51:59.231512
{},{},walk,1900-01-01 08:08:00,1900-01-01 08:49:00.000000
{},{},walk,1900-01-01 09:03:00,1900-01-01 09:34:00.000000
{},{},metro,1900-01-01 06:02:00,1900-01-01 06:56:00.000000
{},{},bus,1900-01-01 07:36:00,1900-01-01 13:54:16.547059
{},{},car,1900-01-01 08:00:00,1900-01-01 08:46:30.279567
{},{},metro,1900-01-01 06:39:00,1900-01-01 06:59:00.000000
{},{},metro,1900-01-01 06:19:00,1900-01-01 07:12:00.000000
{},{},car,1900-01-01 08:00:00,1900-01-01 09:37:06.010458
{},{},walk,1900-01-01 09:44:00,1900-01-01 10:21:00.000000
{},{},walk,1900-01-01 09:23:00,1900-01-01 10:05:00.000000
{},{},bus,1900-01-01 08:09:00,1900-01-01 10:16:30.595594
{},{},car,1900-01-01 08:00:00,1900-01-01 10:23:40.682666
{},{},metro,1900-01-01 06:06:00,1900-01-01 06:20:00.000000
{},{},walk,1900-01-01 08:27:00,1900-01-01 08:51:00.000000
{},{},car,1900-01-01 08:00:00,1900-01-01 12:23:04.957227
{},{},bus,1900-01-01 07:00:00,1900-01-01 07:43:02.119859
{},{},bus,1900-01-01 07:52:00,1900-01-01 10:08:39.368278
{},{},car,1900-01-01 08:00:00,1900-01-01 11:29:08.133455
{},{},walk,1900-01-01 08:30:00,1900-01-01 09:12:00.000000
{},{},bus,1900-01-01 08:06:00,1900-01-01 12:24:19.602878
{},{},metro,1900-01-01 06:21:00,1900-01-01 07:17:00.000000
{},{},bus,1900-01-01 07:49:00,1900-01-01 09:55:26.298283
{},{},car,1900-01-01 08:00:00,1900-01-01 11:56:51.632242
{},{},walk,1900-01-01 10:29:00,1900-01-01 11:24:00.000000
{},{},car,1900-01-01 08:00:00,1900-01-01 10:16:17.845868
{},{},bus,1900-01-01 07:34:00,1900-01-01 08:43:52.428868
{},{},bus,1900-01-01 08:39:00,1900-01-01 14:21:15.649527
{},{},car,1900-01-01 08:00:00,1900-01-01 09:54:34.346210
{},{},car,1900-01-01 08:00:00,1900-01-01 09:16:55.047055
{},{},bus,1900-01-01 07:08:00,1900-01-01 12:30:37.745013
{},{},walk,1900-01-01 10:29:00,1900-01-01 10:42:00.000000
{},{},metro,1900-01-01 06:33:00,1900-01-01 07:27:00.000000
{},{},bus,1900-01-01 08:46:00,1900-01-01 13:15:00.174352
{},{},car,1900-01-01 08:00:00,1900-01-01 09:25:41.094348
{},{},car,1900-01-01 08:00:00,1900-01-01 11:46:43.435389
{},{},bus,1900-01-01 08:49:00,1900-01-01 13:04:46.705797
{},{},car,1900-01-01 08:00:00,1900-01-01 09:27:52.094880
{},{},walk,1900-01-01 10:32:00,1900-01-01 11:22:00.000000
{},{},bus,1900-01-01 07:28:00,1900-01-01 11:49:51.815089
{},{},metro,1900-01-01 06:56:00,1900-01-01 07:06:00.000000
{},{},walk,1900-01-01 08:01:00,1900-01-01 08:14:00.000000
{},{},bus,1900-01-01 07:30:00,1900-01-01 11:23:47.954833
{},{},metro,1900-01-01 06:29:00,1900-01-01 06:49:00.000000
{},{},metro,1900-01-01 06:54:00,1900-01-01 07:27:00.000000
{},{},car,1900-01-01 08:00:00,1900-01-01 09:00:45.998234
{},{},bus,1900-01-01 08:13:00,1900-01-01 14:08:45.050876
{},{},metro,1900-01-01 06:37:00,1900-01-01 06:59:00.000000
{},{},walk,1900-01-01 09:58:00,1900-01-01 10:09:00.000000
{},{},walk,1900-01-01 09:47:00,1900-01-01 10:28:00.000000
{},{},metro,1900-01-01 06:59:00,1900-01-01 07:11:00.000000
{},{},walk,1900-01-01 08:37:00,1900-01-01 09:18:00.000000
{},{},walk,1900-01-01 09:50:00,1900-01-01 10:05:00.000000
{},{},bus,1900-01-01 08:46:00,1900-01-01 16:57:32.189083
{},{},car,1900-01-01 08:00:00,1900-01-01 08:37:13.933894
{},{},walk,1900-01-01 10:15:00,1900-01-01 10:52:00.000000
{},{},walk,1900-01-01 08:08:00,1900-01-01 08:31:00.000000
{},{},car,1900-01-01 08:00:00,1900-01-01 09:31:50.622349
{},{},walk,1900-01-01 10:40:00,1900-01-01 10:57:00.000000
{},{},car,1900-01-01 08:00:00,1900-01-01 11:12:47.837807
{},{},bus,1900-01-01 08:31:00,1900-01-01 11:55:38.559182
{},{},walk,1900-01-01 10:16:00,1900-01-01 10:45:00.000000
{},{},car,1900-01-01 08:00:00,1900-01-01 11:06:52.082077
{},{},walk,1900-01-01 09:34:00,1900-01-01 10:14:00.000000
{},{},bus,1900-01-01 07:25:00,1900-01-01 11:50:52.465155
{},{},bus,1900-01-01 07:04:00,1900-01-01 13:28:22.130910
{},{},walk,1900-01-01 08:11:00,1900-01-01 09:09:00.000000
{},{},car,1900-01-01 08:00:00,1900-01-01 10:13:05.440201
{},{},bus,1900-01-01 07:54:00,1900-01-01 12:35:52.911020
{},{},walk,1900-01-01 09:01:00,1900-01-01 09:46:00.000000
{},{},bus,1900-01-01 08:09:00,1900-01-01 12:54:58.836479
{},{},metro,1900-01-01 06:10:00,1900-01-01 06:44:00.000000
{},{},car,1900-01-01 08:00:00,1900-01-01 12:43:24.723871
{},{},metro,1900-01-01 06:17:00,1900-01-01 06:57:00.000000
{},{},bus,1900-01-01 07:49:00,1900-01-01 09:31:02.457235
{},{},bus,1900-01-01 07:57:00,1900-01-01 11:44:15.962386
{},{},walk,1900-01-01 08:44:00,1900-01-01 09:29:00.000000
{},{},walk,1900-01-01 09:37:00,1900-01-01 10:14:00.000000
{},{},metro,1900-01-01 06:21:00,1900-01-01 07:15:00.000000
{},{},car,1900-01-01 08:00:00,1900-01-01 09:39:06.169626
{},{},walk,1900-01-01 10:19:00,1900-01-01 11:04:00.000000
{},{},walk,1900-01-01 10:28:00,1900-01-01 11:28:00.000000
{},{},walk,1900-01-01 10:55:00,1900-01-01 11:55:00.000000
{},{},metro,1900-01-01 06:44:00,1900-01-01 07:18:00.000000
{},{},bus,1900-01-01 08:56:00,1900-01-01 13:19:56.353853
{},{},bus,1900-01-01 07:05:00,1900-01-01 08:28:02.713838
{},{},metro,1900-01-01 06:49:00,1900-01-01 07:37:00.000000
{},{},walk,1900-01-01 08:13:00,1900-01-01 08:30:00.000000
{},{},metro,1900-01-01 06:51:00,1900-01-01 07:21:00.000000
{},{},car,1900-01-01 08:00:00,1900-01-01 10:37:06.632090
{},{},bus,1900-01-01 08:40:00,1900-01-01 10:54:15.798553
{},{},metro,1900-01-01 06:52:00,1900-01-01 07:05:00.000000
{},{},walk,1900-01-01 10:14:00,1900-01-01 10:52:00.000000
{},{},metro,1900-01-01 06:57:00,1900-01-01 07:13:00.000000
{},{},bus,1900-01-01 08:34:00,1900-01-01 13:04:14.156351
{},{},walk,1900-01-01 09:51:00,1900-01-01 10:34:00.000000
{},{},bus,1900-01-01 08:16:00,1900-01-01 10:38:11.429543
{},{},bus,1900-01-01 08:51:00,1900-01-01 10:07:05.582835
{},{},bus,1900-01-01 07:53:00,1900-01-01 12:24:28.759681
{},{},walk,1900-01-01 09:25:00,1900-01-01 10:12:00.000000
{},{},metro,1900-01-01 06:07:00,1900-01-01 06:31:00.000000
{},{},car,1900-01-01 08:00:00,1900-01-01 11:17:39.635679
{},{},metro,1900-01-01 06:04:00,1900-01-01 06:52:00.000000
{},{},bus,1900-01-01 08:24:00,1900-01-01 09:22:52.524294
{},{},walk,1900-01-01 08:25:00,1900-01-01 08:49:00.000000
{},{},walk,1900-01-01 08:50:00,1900-01-01 09:25:00.000000
{},{},car,1900-01-01 08:00:00,1900-01-01 10:36:23.365920
{},{},walk,1900-01-01 08:31:00,1900-01-01 09:04:00.000000
{},{},bus,1900-01-01 07:02:00,1900-01-01 11:58:57.649469
{},{},bus,1900-01-01 07:48:00,1900-01-01 11:55:24.214347
{},{},walk,1900-01-01 08:44:00,1900-01-01 09:38:00.000000
{},{},metro,1900-01-01 06:22:00,1900-01-01 06:44:00.000000
{},{},metro,1900-01-01 06:57:00,1900-01-01 07:16:00.000000
{},{},car,1900-01-01 08:00:00,1900-01-01 12:36:03.288025
{},{},walk,1900-01-01 10:06:00,1900-01-01 10:38:00.000000
{},{},car,1900-01-01 08:00:00,1900-01-01 08:42:28.542919
{},{},car,1900-01-01 08:00:00,1900-01-01 12:54:41.307427
{},{},metro,1900-01-01 06:28:00,1900-01-01 07:11:00.000000
{},{},bus,1900-01-01 08:30:00,1900-01-01 11:06:26.367201
{},{},walk,1900-01-01 08:59:00,1900-01-01 09:39:00.000000
{},{},car,1900-01-01 08:00:00,1900-01-01 09:16:52.616779
{},{},car,1900-01-01 08:00:00,1900-01-01 08:44:03.170857
{},{},car,1900-01-01 08:00:00,1900-01-01 09:16:46.645841
{},{},car,1900-01-01 08:00:00,1900-01-01 09:35:45.921371
{},{},bus,1900-01-01 08:38:00,1900-01-01 13:42:19.353270
{},{},walk,1900-01-01 09:20:00,1900-01-01 09:47:00.000000
{},{},metro,1900-01-01 07:00:00,1900-01-01 07:48:00.000000
{},{},walk,1900-01-01 10:03:00,1900-01-01 10:29:00.000000
{},{},metro,1900-01-01 06:21:00,1900-01-01 06:32:00.000000
{},{},bus,1900-01-01 08:09:00,1900-01-01 13:16:03.475047
{},{},metro,1900-01-01 06:01:00,1900-01-01 06:57:00.000000
{},{},walk,1900-01-01 10:51:00,1900-01-01 11:32:00.000000
{},{},metro,1900-01-01 06:23:00,1900-01-01 06:57:00.000000
{},{},car,1900-01-01 08:00:00,1900-01-01 12:51:19.136114
{},{},bus,1900-01-01 08:32:00,1900-01-01 11:28:44.682283
{},{},car,1900-01-01 08:00:00,1900-01-01 09:41:06.958710
{},{},metro,1900-01-01 06:50:00,1900-01-01 07:03:00.000000
{},{},car,1900-01-01 08:00:00,1900-01-01 12:28:37.032896
{},{},walk,1900-01-01 10:21:00,1900-01-01 10:57:00.000000
{},{},bus,1900-01-01 07:44:00,1900-01-01 13:33:11.205471
{},{},walk,1900-01-01 10:47:00,1900-01-01 11:05:00.000000
{},{},car,1900-01-01 08:00:00,1900-01-01 09:39:15.699801
{},{},car,1900-01-01 08:00:00,1900-01-01 10:50:27.810985
{},{},walk,1900-01-01 10:08:00,1900-01-01 10:31:00.000000
{},{},metro,1900-01-01 06:07:00,1900-01-01 06:58:00.000000
{},{},car,1900-01-01 08:00:00,1900-01-01 08:32:08.577786
{},{},metro,1900-01-01 06:41:00,1900-01-01 07:28:00.000000
{},{},bus,1900-01-01 08:15:00,1900-01-01 09:36:58.389296
{},{},bus,1900-01-01 08:13:00,1900-01-01 13:02:04.228022
{},{},metro,1900-01-01 06:09:00,1900-01-01 06:56:00.000000
{},{},walk,1900-01-01 09:01:00,1900-01-01 09:31:00.000000
{},{},walk,1900-01-01 09:23:00,1900-01-01 09:36:00.000000
{},{},walk,1900-01-01 10:25:00,1900-01-01 11:12:00.000000
{},{},car,1900-01-01 08:00:00,1900-01-01 10:00:36.872556
{},{},metro,1900-01-01 06:36:00,1900-01-01 07:22:00.000000
{},{},metro,1900-01-01 06:44:00,1900-01-01 07:41:00.000000
{},{},metro,1900-01-01 06:12:00,1900-01-01 06:34:00.000000
{},{},bus,1900-01-01 08:51:00,1900-01-01 12:03:31.875962
{},{},bus,1900-01-01 08:06:00,1900-01-01 10:25:48.638144
{},{},metro,1900-01-01 06:11:00,1900-01-01 07:05:00.000000
{},{},bus,1900-01-01 07:09:00,1900-01-01 11:56:36.971863
{},{},metro,1900-01-01 06:42:00,1900-01-01 07:02:00.000000
{},{},bus,1900-01-01 08:15:00,1900-01-01 12:40:22.340121
{},{},metro,1900-01-01 06:11:00,1900-01-01 06:31:00.000000
{},{},walk,1900-01-01 10:41:00,1900-01-01 11:33:00.000000
{},{},bus,1900-01-01 08:56:00,1900-01-01 10:15:20.291231
{},{},car,1900-01-01 08:00:00,1900-01-01 11:06:30.944411
{},{},metro,1900-01-01 06:58:00,1900-01-01 07:57:00.000000
{},{},car,1900-01-01 08:00:00,1900-01-01 10:00:09.165309
{},{},car,1900-01-01 08:00:00,1900-01-01 10:27:15.329777
{},{},bus,1900-01-01 08:05:00,1900-01-01 15:08:09.702065
{},{},car,1900-01-01 08:00:00,1900-01-01 09:49:48.906977
{},{},car,1900-01-01 08:00:00,1900-01-01 10:23:34.883204
{},{},car,1900-01-01 08:00:00,1900-01-01 08:52:58.217288
{},{},car,1900-01-01 08:00:00,1900-01-01 11:10:01.330799
{},{},metro,1900-01-01 06:28:00,1900-01-01 07:04:00.000000
{},{},metro,1900-01-01 06:07:00,1900-01-01 06:33:00.000000
{},{},walk,1900-01-01 09:03:00,1900-01-01 10:00:00.000000
{},{},metro,1900-01-01 06:27:00,1900-01-01 06:42:00.000000
{},{},walk,1900-01-01 10:56:00,1900-01-01 11:27:00.000000
{},{},bus,1900-01-01 08:10:00,1900-01-01 14:12:01.640581
{},{},walk,1900-01-01 09:38:00,1900-01-01 09:59:00.000000
{},{},walk,1900-01-01 09:58:00,1900-01-01 10:48:00.000000
{},{},metro,1900-01-01 06:16:00,1900-01-01 07:16:00.000000
{},{},walk,1900-01-01 08:08:00,1900-01-01 08:26:00.000000
{},{},bus,1900-01-01 08:54:00,1900-01-01 12:37:57.127999
{},{},car,1900-01-01 08:00:00,1900-01-01 12:42:23.771085
{},{},walk,1900-01-01 09:21:00,1900-01-01 10:19:00.000000
{},{},walk,1900-01-01 10:10:00,1900-01-01 10:42:00.000000
{},{},car,1900-01-01 08:00:00,1900-01-01 12:07:13.277042
{},{},bus,1900-01-01 07:39:00,1900-01-01 12:56:01.029784
{},{},bus,1900-01-01 07:18:00,1900-01-01 13:17:06.872835
{},{},car,1900-01-01 08:00:00,1900-01-01 11:35:20.450736
{},{},metro,1900-01-01 06:20:00,1900-01-01 06:35:00.000000
{},{},walk,1900-01-01 09:06:00,1900-01-01 09:53:00.000000
{},{},car,1900-01-01 08:00:00,1900-01-01 09:31:35.954581
{},{},walk,1900-01-01 09:14:00,1900-01-01 10:10:00.000000
{},{},walk,1900-01-01 10:01:00,1900-01-01 10:50:00.000000
{},{},car,1900-01-01 08:00:00,1900-01-01 09:10:06.972855
{},{},bus,1900-01-01 07:40:00,1900-01-01 09:17:15.492171
{},{},bus,1900-01-01 07:31:00,1900-01-01 12:43:17.019920
{},{},metro,1900-01-01 06:14:00,1900-01-01 06:31:00.000000
{},{},car,1900-01-01 08:00:00,1900-01-01 11:49:30.246307
{},{},walk,1900-01-01 09:23:00,1900-01-01 10:16:00.000000
{},{},bus,1900-01-01 07:01:00,1900-01-01 08:07:15.174225
{},{},car,1900-01-01 08:00:00,1900-01-01 12:54:04.709057
{},{},walk,1900-01-01 08:58:00,1900-01-01 09:26:00.000000
{},{},walk,1900-01-01 08:29:00,1900-01-01 08:56:00.000000
{},{},bus,1900-01-01 07:26:00,1900-01-01 12:30:40.429689
{},{},walk,1900-01-01 10:39:00,1900-01-01 11:34:00.000000
{},{},metro,1900-01-01 06:56:00,1900-01-01 07:15:00.000000
{},{},metro,1900-01-01 06:12:00,1900-01-01 06:25:00.000000
{},{},bus,1900-01-01 07:09:00,1900-01-01 08:09:36.225279
{},{},walk,1900-01-01 08:04:00,1900-01-01 08:53:00.000000
{},{},bus,1900-01-01 08:47:00,1900-01-01 15:54:02.695580
{},{},car,1900-01-01 08:00:00,1900-01-01 12:51:42.498445
{},{},metro,1900-01-01 06:40:00,1900-01-01 06:55:00.000000
{},{},bus,1900-01-01 08:22:00,1900-01-01 10:58:30.886986
{},{},walk,1900-01-01 10:05:00,1900-01-01 10:16:00.000000
{},{},bus,1900-01-01 07:02:00,1900-01-01 10:49:38.269170
{},{},bus,1900-01-01 07:53:00,1900-01-01 12:08:43.076459
{},{},car,1900-01-01 08:00:00,1900-01-01 10:09:56.448573
{},{},metro,1900-01-01 06:53:00,1900-01-01 07:17:00.000000
{},{},bus,1900-01-01 07:08:00,1900-01-01 10:32:59.617118
{},{},bus,1900-01-01 07:58:00,1900-01-01 10:30:14.311122
{},{},bus,1900-01-01 07:46:00,1900-01-01 11:13:42.694495
{},{},walk,1900-01-01 10:08:00,1900-01-01 10:24:00.000000
{},{},bus,1900-01-01 08:01:00,1900-01-01 11:57:22.655072
{},{},car,1900-01-01 08:00:00,1900-01-01 08:51:32.716881
{},{},walk,1900-01-01 08:19:00,1900-01-01 09:04:00.000000
{},{},metro,1900-01-01 06:22:00,1900-01-01 06:45:00.000000
{},{},walk,1900-01-01 09:24:00,1900-01-01 09:49:00.000000
{},{},metro,1900-01-01 06:12:00,1900-01-01 06:52:00.000000
{},{},walk,1900-01-01 10:00:00,1900-01-01 10:50:00.000000
{},{},car,1900-01-01 08:00:00,1900-01-01 13:33:46.231815
{},{},bus,1900-01-01 07:38:00,1900-01-01 10:18:57.156845
{},{},bus,1900-01-01 08:41:00,1900-01-01 12:37:17.514523
{},{},metro,1900-01-01 06:23:00,1900-01-01 07:12:00.000000
{},{},bus,1900-01-01 08:35:00,1900-01-01 13:09:09.300756
{},{},car,1900-01-01 08:00:00,1900-01-01 13:12:13.387909
{},{},walk,1900-01-01 09:00:00,1900-01-01 09:58:00.000000
{},{},car,1900-01-01 08:00:00,1900-01-01 12:48:02.925492
{},{},metro,1900-01-01 06:46:00,1900-01-01 07:04:00.000000
{},{},walk,1900-01-01 08:46:00,1900-01-01 09:11:00.000000
{},{},car,1900-01-01 08:00:00,1900-01-01 10:20:05.785255
{},{},car,1900-01-01 08:00:00,1900-01-01 09:54:38.314693
{},{},car,1900-01-01 08:00:00,1900-01-01 10:48:55.943177
{},{},car,1900-01-01 08:00:00,1900-01-01 10:38:05.674876
{},{},walk,1900-01-01 09:35:00,1900-01-01 10:07:00.000000
{},{},metro,1900-01-01 06:33:00,1900-01-01 07:18:00.000000
{},{},metro,1900-01-01 06:28:00,1900-01-01 06:44:00.000000
{},{},bus,1900-01-01 08:54:00,1900-01-01 09:42:11.458040
{},{},bus,1900-01-01 08:09:00,1900-01-01 13:11:44.971437
{},{},walk,1900-01-01 08:03:00,1900-01-01 08:16:00.000000
{},{},car,1900-01-01 08:00:00,1900-01-01 09:16:40.909357
{},{},car,1900-01-01 08:00:00,1900-01-01 09:39:00.265595
{},{},walk,1900-01-01 08:59:00,1900-01-01 09:57:00.000000
{},{},car,1900-01-01 08:00:00,1900-01-01 09:48:58.873009
{},{},car,1900-01-01 08:00:00,1900-01-01 09:44:35.790745
{},{},bus,1900-01-01 07:51:00,1900-01-01 11:44:10.112740
{},{},car,1900-01-01 08:00:00,1900-01-01 10:38:42.883116
{},{},car,1900-01-01 08:00:00,1900-01-01 09:03:36.005413
{},{},metro,1900-01-01 06:52:00,1900-01-01 07:08:00.000000
{},{},car,1900-01-01 08:00:00,1900-01-01 09:35:48.729409
{},{},car,1900-01-01 08:00:00,1900-01-01 10:24:49.255395
{},{},walk,1900-01-01 10:36:00,1900-01-01 11:22:00.000000
{},{},walk,1900-01-01 09:34:00,1900-01-01 10:16:00.000000
{},{},metro,1900-01-01 06:15:00,1900-01-01 06:40:00.000000
{},{},metro,1900-01-01 06:48:00,1900-01-01 07:35:00.000000
{},{},walk,1900-01-01 08:00:00,1900-01-01 08:57:00.000000
{},{},metro,1900-01-01 06:54:00,1900-01-01 07:33:00.000000
{},{},car,1900-01-01 08:00:00,1900-01-01 09:37:55.558550
{},{},car,1900-01-01 08:00:00,1900-01-01 10:04:19.567226
{},{},metro,1900-01-01 06:27:00,1900-01-01 07:11:00.000000
{},{},car,1900-01-01 08:00:00,1900-01-01 11:08:20.965887
{},{},car,1900-01-01 08:00:00,1900-01-01 09:29:59.682744
{},{},bus,1900-01-01 07:27:00,1900-01-01 09:21:57.385041
{},{},walk,1900-01-01 10:47:00,1900-01-01 11:21:00.000000
{},{},car,1900-01-01 08:00:00,1900-01-01 08:43:02.988268
{},{},walk,1900-01-01 08:10:00,1900-01-01 08:40:00.000000
{},{},metro,1900-01-01 06:56:00,1900-01-01 07:38:00.000000
{},{},car,1900-01-01 08:00:00,1900-01-01 10:40:39.480466
{},{},metro,1900-01-01 06:16:00,1900-01-01 06:27:00.000000
{},{},walk,1900-01-01 10:03:00,1900-01-01 10:55:00.000000
{},{},bus,1900-01-01 08:05:00,1900-01-01 09:50:32.194540
{},{},bus,1900-01-01 07:48:00,1900-01-01 08:56:34.879106
{},{},car,1900-01-01 08:00:00,1900-01-01 11:46:27.241830
{},{},walk,1900-01-01 08:50:00,1900-01-01 09:24:00.000000
{},{},car,1900-01-01 08:00:00,1900-01-01 10:58:10.840703
{},{},metro,1900-01-01 06:04:00,1900-01-01 07:01:00.000000
{},{},metro,1900-01-01 07:00:00,1900-01-01 07:30:00.000000
{},{},bus,1900-01-01 07:12:00,1900-01-01 12:18:05.088226
{},{},walk,1900-01-01 08:54:00,1900-01-01 09:08:00.000000
{},{},bus,1900-01-01 07:29:00,1900-01-01 09:02:26.450788
{},{},metro,1900-01-01 06:28:00,1900-01-01 06:49:00.000000
{},{},car,1900-01-01 08:00:00,1900-01-01 09:05:17.473270
{},{},walk,1900-01-01 09:01:00,1900-01-01 09:19:00.000000
{},{},metro,1900-01-01 06:00:00,1900-01-01 06:56:00.000000
{},{},metro,1900-01-01 06:27:00,1900-01-01 07:24:00.000000
{},{},walk,1900-01-01 09:34:00,1900-01-01 10:10:00.000000
{},{},bus,1900-01-01 07:28:00,1900-01-01 09:51:23.278872
{},{},walk,1900-01-01 09:13:00,1900-01-01 09:39:00.000000
{},{},metro,1900-01-01 06:08:00,1900-01-01 06:46:00.000000
{},{},bus,1900-01-01 08:27:00,1900-01-01 12:45:42.646688
{},{},bus,1900-01-01 07:46:00,1900-01-01 10:44:35.545197
{},{},car,1900-01-01 08:00:00,1900-01-01 11:31:06.373871
{},{},metro,1900-01-01 06:16:00,1900-01-01 06:41:00.000000
{},{},car,1900-01-01 08:00:00,1900-01-01 12:21:28.166452
{},{},car,1900-01-01 08:00:00,1900-01-01 10:52:36.860507
{},{},bus,1900-01-01 08:43:00,1900-01-01 10:48:43.989557
{},{},car,1900-01-01 08:00:00,1900-01-01 12:29:54.855816
{},{},walk,1900-01-01 08:12:00,1900-01-01 08:32:00.000000
{},{},car,1900-01-01 08:00:00,1900-01-01 08:33:44.598946
{},{},metro,1900-01-01 06:32:00,1900-01-01 06:42:00.000000
{},{},walk,1900-01-01 08:56:00,1900-01-01 09:20:00.000000
{},{},car,1900-01-01 08:00:00,1900-01-01 09:45:23.661229
{},{},car,1900-01-01 08:00:00,1900-01-01 13:17:24.847193
{},{},bus,1900-01-01 08:20:00,1900-01-01 10:56:55.256664
{},{},walk,1900-01-01 10:07:00,1900-01-01 10:54:00.000000
{},{},metro,1900-01-01 06:10:00,1900-01-01 06:41:00.000000
{},{},bus,1900-01-01 08:32:00,1900-01-01 11:15:27.058404
{},{},metro,1900-01-01 06:48:00,1900-01-01 07:26:00.000000
{},{},walk,1900-01-01 09:42:00,1900-01-01 10:03:00.000000
{},{},bus,1900-01-01 07:49:00,1900-01-01 09:12:51.185831
{},{},car,1900-01-01 08:00:00,1900-01-01 09:22:20.343040
{},{},bus,1900-01-01 07:29:00,1900-01-01 09:57:01.246632
{},{},walk,1900-01-01 10:05:00,1900-01-01 10:38:00.000000
{},{},bus,1900-01-01 07:55:00,1900-01-01 10:40:54.285156
{},{},metro,1900-01-01 06:29:00,1900-01-01 06:43:00.000000
{},{},bus,1900-01-01 07:36:00,1900-01-01 10:31:44.811898
{},{},walk,1900-01-01 08:01:00,1900-01-01 08:21:00.000000
{},{},walk,1900-01-01 08:38:00,1900-01-01 09:37:00.000000
{},{},metro,1900-01-01 06:43:00,1900-01-01 07:29:00.000000
{},{},bus,1900-01-01 07:50:00,1900-01-01 12:17:23.074590
{},{},bus,1900-01-01 07:00:00,1900-01-01 11:57:41.268500
{},{},metro,1900-01-01 06:57:00,1900-01-01 07:32:00.000000
{},{},walk,1900-01-01 09:21:00,1900-01-01 10:06:00.000000
{},{},bus,1900-01-01 08:25:00,1900-01-01 09:39:40.666291
{},{},car,1900-01-01 08:00:00,1900-01-01 11:18:36.117146
{},{},bus,1900-01-01 08:32:00,1900-01-01 15:50:15.284448
{},{},metro,1900-01-01 06:45:00,1900-01-01 07:21:00.000000
{},{},walk,1900-01-01 09:28:00,1900-01-01 10:25:00.000000
{},{},walk,1900-01-01 09:31:00,1900-01-01 09:52:00.000000
{},{},walk,1900-01-01 08:45:00,1900-01-01 09:10:00.000000
{},{},car,1900-01-01 08:00:00,1900-01-01 09:49:21.212595
{},{},car,1900-01-01 08:00:00,1900-01-01 11:07:49.680532
{},{},bus,1900-01-01 07:19:00,1900-01-01 10:01:26.691938
{},{},bus,1900-01-01 07:50:00,1900-01-01 10:10:03.246219
{},{},car,1900-01-01 08:00:00,1900-01-01 12:48:32.682375
{},{},metro,1900-01-01 06:18:00,1900-01-01 06:48:00.000000
{},{},bus,1900-01-01 08:29:00,1900-01-01 10:16:00.692512
{},{},metro,1900-01-01 06:00:00,1900-01-01 06:58:00.000000
{},{},car,1900-01-01 08:00:00,1900-01-01 11:13:05.881234
{},{},bus,1900-01-01 08:05:00,1900-01-01 12:55:25.655477
{},{},walk,1900-01-01 08:08:00,1900-01-01 08:52:00.000000
{},{},car,1900-01-01 08:00:00,1900-01-01 10:42:45.072134
{},{},metro,1900-01-01 06:28:00,1900-01-01 07:19:00.000000
{},{},bus,1900-01-01 07:03:00,1900-01-01 11:10:57.380463
{},{},bus,1900-01-01 07:04:00,1900-01-01 08:51:26.798840
{},{},walk,1900-01-01 10:28:00,1900-01-01 10:52:00.000000
{},{},bus,1900-01-01 07:18:00,1900-01-01 11:16:25.492327
{},{},bus,1900-01-01 07:41:00,1900-01-01 12:45:06.364399
{},{},bus,1900-01-01 08:39:00,1900-01-01 10:31:17.469839
{},{},walk,1900-01-01 10:04:00,1900-01-01 11:04:00.000000
{},{},bus,1900-01-01 08:23:00,1900-01-01 11:19:27.881901
{},{},car,1900-01-01 08:00:00,1900-01-01 09:25:22.773564
{},{},bus,1900-01-01 08:55:00,1900-01-01 14:10:41.274795
{},{},walk,1900-01-01 08:54:00,1900-01-01 09:07:00.000000
{},{},bus,1900-01-01 08:40:00,1900-01-01 13:54:28.334899
{},{},metro,1900-01-01 06:23:00,1900-01-01 06:49:00.000000
{},{},bus,1900-01-01 07:39:00,1900-01-01 11:22:13.276076
{},{},bus,1900-01-01 08:28:00,1900-01-01 14:47:10.836733
{},{},car,1900-01-01 08:00:00,1900-01-01 10:49:14.229896
{},{},bus,1900-01-01 07:48:00,1900-01-01 12:15:45.918750
{},{},bus,1900-01-01 07:44:00,1900-01-01 15:58:32.179222
{},{},bus,1900-01-01 08:51:00,1900-01-01 13:47:16.413613
{},{},walk,1900-01-01 08:33:00,1900-01-01 09:01:00.000000
{},{},walk,1900-01-01 09:12:00,1900-01-01 09:39:00.000000
